<?xml version="1.0" encoding="utf-8"?>
<odoo>

    <record id="ir_module_category_medical" model="ir.module.category">
        <field name="name">Medical</field>
        <field name="sequence">10</field>
    </record>

    <record id="group_medical_user" model="res.groups">
        <field name="name">User</field>
        <field name="category_id" ref="ir_module_category_medical"/>
        <field name="users" eval="[(4, ref('base.user_root'))]"/>
        <field name="implied_ids" eval="[(4, ref('base.group_user'))]"/>
    </record>

    <record id="group_medical_assistant" model="res.groups">
        <field name="name">Assistant</field>
        <field name="category_id" ref="ir_module_category_medical"/>
        <field name="implied_ids" eval="[(4, ref('group_medical_user'))]"/>
    </record>

    <record id="group_medical_doctor" model="res.groups">
        <field name="name">Doctor</field>
        <field name="category_id" ref="ir_module_category_medical"/>
        <field name="implied_ids" eval="[(4, ref('group_medical_assistant'))]"/>
    </record>

    <record id="group_medical_center_manager" model="res.groups">
        <field name="name">Center Manager</field>
        <field name="category_id" ref="ir_module_category_medical"/>
        <field name="implied_ids" eval="[(4, ref('group_medical_doctor'))]"/>
    </record>

    <record id="group_medical_manager" model="res.groups">
        <field name="name">Company Manager</field>
        <field name="category_id" ref="ir_module_category_medical"/>
        <field name="implied_ids" eval="[(4, ref('group_medical_center_manager'))]"/>
    </record>

    <record id="group_medical_configurator" model="res.groups">
        <field name="name">System Administrator</field>
        <field name="category_id" ref="ir_module_category_medical"/>
        <field name="implied_ids" eval="[(4, ref('group_medical_manager'))]"/>
    </record>

    <record id="base.group_erp_manager" model="res.groups">
        <field name="implied_ids" eval="[(4, ref('group_medical_configurator'))]"/>
    </record>

</odoo>
